Source,Target
369883,406997
513347,530154
8656,49047
9339,417261
1402,19719
629,11826
787,1620
34584,443463
49017,282035
290595,385448
65,233
10537,332562
364,470894
205587,396371
2048,264660
50620,123553
227156,365942
281957,339692
399170,489931
11324,395841
396371,417261
238636,385360
87101,152601
11713,438145
53182,190683
270303,372058
509,122906
13,398818
207932,372343
281338,281957
2501,340666
562,64690
562,2503
152532,451945
433498,487558
24249,242582
171274,454983
1427,489927
281957,390062
510,286565
744,363676
7131,18239
21056,384680
388,637
316029,318846
2253,16869
73,164457
408,58595
78,218
44940,569547
13815,459910
246655,450465
58595,290595
37165,119450
561,487672
5961,489927
676,324786
401469,475210
242582,396371
500,520360
994,281957
65,245
36557,265208
522,396461
96,396461
2142,169917
16869,156022
534,68724
101299,286217
109491,443463
769,11324
399404,457136
241765,242582
769,207932
131631,281338
772,416477
75174,286217
4922,340027
1680,124905
207,24469
11624,530154
1585,5825
562,429203
207,233063
9339,72570
20806,569547
4148,64682
281957,433249
23168,484247
286217,407451
86838,302946
796,418827
264660,569547
14,194662
380,400579
9631,137094
222935,281957
11943,399360
2034,265208
381284,399055
627,4836
629,302946
30959,530154
68718,438145
65754,336843
16288,530154
2605,264660
1246,1371
61791,157350
8012,500475
9045,505954
166426,274857
11560,205587
9738,433249
28178,44564
72570,443009
375262,398818
956,4922
8077,49047
266856,389015
812,489929
24420,440298
979,413362
792,49017
8619,108794
381284,399404
78,3509
318846,324786
984,412862
489,1422
85548,273248
539,13685
10139,361292
133805,281957
2331,147441
18780,53182
891,446354
324786,458737
381283,426814
615,86834
194662,487672
4148,4507
640,769
65754,395841
699,504172
11000,553882
27040,150540
62764,503237
2675,10200
50619,64682
267806,530154
245891,385360
416160,429417
1124,13374
52371,451925
670,11713
1585,527435
162,10829
563,857
433498,451915
49849,329865
59967,339103
194662,315635
112160,391713
316029,324786
184,169917
562,281957
272,141052
497,674
25196,332562
189055,395991
216015,294254
15383,16869
171274,466282
68734,266856
137,372343
10132,45269
2503,137094
185,101299
446101,507618
348,329865
15648,150540
3580,406990
111,205587
1452,450465
8619,34276
111,319
242582,259908
75656,520360
443009,454227
828,54138
392044,395841
10140,472734
411,109491
5065,537996
346685,458737
16366,147441
210577,300668
244786,458594
357096,395841
10734,109491
23168,109491
340613,369972
1573,201088
10139,339103
11979,50620
49026,201088
21240,486947
14438,395991
398181,484247
4638,406990
24021,123553
921,45317
258034,419743
87436,530154
64682,281957
1571,97367
399055,440298
45317,245913
628,50620
388,11372
2064,4922
241554,345887
281957,470044
4922,334541
3035,124905
37135,278927
539,24103
9739,553882
26390,273481
419743,424694
551,87827
387,283366
1924,49026
605,6479
1948,2501
9880,437586
10285,381283
1267,122906
1366,11036
316029,334543
22881,39254
13640,487670
7131,49017
4771,241554
194662,363088
8966,405774
129,58595
862,68718
14291,489927
86834,274855
350,440298
82693,272693
63811,446101
458594,464502
2454,455207
26428,468362
1266,359940
10156,530154
103,8221
376290,553882
207,468
74997,395990
6479,76341
52371,476292
1443,273153
489929,569872
15371,372058
311,426426
453,363676
14194,489931
23963,295011
840,846
14869,399055
13885,462919
278,17466
9454,150689
350,466282
411,497
75780,146233
22302,474354
438145,467938
1402,5178
201085,429417
652,11527
157547,429417
11443,446021
44826,472734
9902,395834
339692,400535
10200,329865
9873,489931
150689,399055
417261,460071
490773,536176
11036,492621
272,315635
68724,335984
387,222935
52371,293863
85350,419478
11123,254128
10098,440472
1949,339103
12405,283683
316029,371638
80278,351155
65,6575
63,141
399055,407655
787,6637
15912,500475
60304,62764
205596,369885
562,340666
62,274870
754,385360
275,395990
238,5123
630,472734
240,400
4771,339692
76341,433249
8966,50620
834,24021
203912,335797
2501,2503
118,122906
4995,249397
561,297762
2675,299687
28,14636
921,1366
561,49521
9077,399055
600,487558
207932,446807
443009,457136
8619,30431
80278,353732
52449,406997
1572,2501
19959,39254
120467,132344
16548,242582
1366,8456
9472,312221
2501,453201
337167,395841
10781,464502
73,385360
3170,6477
120467,353571
168672,261023
453,371638
27727,87827
109491,400650
272,209112
109491,171274
1266,106646
261470,451925
37165,157336
1369,324786
10331,414191
283366,297761
78,500664
332562,458737
429203,507419
137113,374720
77877,281957
562,171274
80278,345923
72105,293863
43471,80278
809,58595
424,339103
156022,458594
125255,502682
1374,68718
1366,1371
49026,554600
627,379149
49017,228150
1726,9741
387,5925
62764,290595
77877,101299
299536,450465
262500,365942
479,169917
597,11130
399170,429203
948,398173
10651,385360
390051,474354
8012,210577
222935,340666
70,8923
74405,76203
11123,395991
10428,37799
289,1771
153,71688
235,627
11970,41233
75142,76203
289,424
11224,398818
371638,487558
389015,460071
316029,487558
680,1366
189,6977
13,400650
32823,313369
401469,449443
9813,339380
43959,45317
28178,397422
1724,433249
153,226
8923,307081
568,369972
10559,392044
23168,465136
6341,11778
266856,472451
1572,429203
568,817
340613,392044
45772,462919
7131,346672
559,637
8536,263115
272,557
3035,9077
341174,465136
746,324786
454227,487558
4148,9880
336843,341174
19067,76203
194662,283995
277216,376867
745,354912
550,59967
425336,433498
11455,504172
189,392044
10545,313369
78,604
73861,359940
694,372343
1402,259386
86834,109414
54138,157336
9381,61791
11130,82702
388,424
395841,470044
72190,333339
4951,13374
339692,500475
460071,467952
261023,400535
50620,203739
1417,543583
392044,470044
109491,455207
769,1422
652,14073
77,385360
637,399404
37165,315837
769,443009
19,157336
4922,24420
302946,339692
141052,315635
705,313369
281957,455207
4951,15144
42297,313369
16619,345920
278,5924
39254,55721
9356,400579
49521,315635
370663,375262
67885,489927
7511,9339
550,101299
8656,254128
141,11351
326285,426426
34463,150540
808,1417
10625,85350
28468,44214
10734,381284
80278,254128
15070,348893
70,1374
101299,365942
1578,481117
283366,299536
979,273481
1443,424694
346,274857
14574,399404
46529,466411
1949,65754
11324,449176
10429,37799
628,18239
345887,458594
13697,44564
238636,438145
109491,453201
101299,281957
281957,446807
369885,467952
37165,500664
2652,264660
446354,487558
629,414063
435,254128
1417,10882
1927,9741
371638,433498
828,126889
4982,459910
28178,424488
608,840
300668,484247
562,2501
262500,453201
272,49026
62764,332325
7453,274870
8966,9880
101,278
64690,242582
8536,283366
376660,391713
269795,489931
424694,454227
278,575
359940,438145
17431,152601
9813,425972
254470,332562
73,277216
4951,10314
449176,470044
1585,9021
207,8065
769,398181
8649,458737
205596,449176
207932,345887
405774,466282
16,1124
6477,313369
629,3112
109491,449176
1883,147441
9331,504172
211088,273248
5925,505954
55721,455980
10651,500475
2501,2502
9291,307081
60308,312221
397403,536176
49026,297762
13815,504172
4951,449176
19840,222935
14128,530154
364,283366
828,49849
153,713
2288,462919
1375,481117
11966,520360
10483,168259
424,487558
1259,293863
38,19913
340666,346685
296096,454983
2976,462919
4347,8587
671,58595
561,9552
11324,445651
406997,442062
2048,39254
1452,470894
213,201088
13,216015
228161,503346
1422,339692
122906,382591
111,9319
424,334543
2034,396371
7984,396371
11778,150117
278,1429
4148,50619
17979,470044
10349,489931
395990,500919
453201,470044
334,489927
1816,537996
95,16869
141,397722
557,194662
3131,68718
109491,429351
75612,274870
289,324786
45269,62796
339692,489929
8392,476292
627,680
9350,399360
78,1103
769,261023
707,2501
539,11931
769,395834
307081,390051
11287,307081
14,426426
562,396371
15472,65754
153,13243
2907,302946
10229,437586
153,598
1443,11224
5,530154
3170,244264
11770,312221
6404,414191
9837,147441
510,440298
345887,400535
597,42661
34584,336843
8536,315635
438145,500664
11703,419743
152532,438808
62,264660
23168,294254
644,10681
62764,70351
49530,507419
185,59967
1452,9741
395834,395990
539,74725
8619,450322
2501,346685
500006,554600
10342,11036
303991,416477
499,476292
120467,340613
299537,487670
433,507419
9741,287947
1422,75780
389015,481117
1949,470229
109491,333339
604,39254
8966,12689
769,318846
157336,286217
146198,500919
258480,261470
260514,335797
41233,321612
98,49519
272,470894
424,457136
326359,476292
78,562
62,49047
9989,37799
15070,466411
1417,4523
260514,455980
12405,283565
78,605
840,16866
516503,569547
3170,112160
388,228150
133805,438145
300671,316029
295011,434873
984,146233
1402,345470
12762,489931
155,65291
131631,220882
12444,18239
956,385360
857,5925
472451,511785
12201,400710
14,402897
604,401905
1359,398173
1443,8966
139945,273248
597,492282
11618,429417
289,5925
13223,345887
9986,68718
489,23168
345920,395834
497,10140
979,281957
273481,500664
1948,2503
207,369557
80278,333968
3132,553882
12405,283725
451915,487558
207932,346685
60308,481117
843,4148
153,6964
170,72570
228150,395991
462963,536176
275,446791
152601,157336
124905,373571
70,1375
73,829
424,637
14,112160
26390,169917
294963,381283
2048,339988
4922,416477
155,364
10020,41233
49047,395992
28,6950
34584,109491
8966,24418
392044,500919
37530,414191
10734,11324
828,91314
389015,454652
13,185
137094,201088
318846,424694
197033,449176
508,51052
1949,171274
169917,446807
4148,11324
343,489999
334,745
8966,341174
497,671
637,675
68724,131631
316029,454652
62,569547
9962,249397
840,15613
389015,433498
1124,8840
77,78
257088,438808
106646,138832
424,324786
15144,85350
9836,335797
61979,77338
347984,424694
416477,429200
98,9703
5925,307081
417261,489999
141,309809
48650,249397
41968,87827
623,401469
1572,2503
152532,424694
398181,459910
424694,457136
1991,64690
41233,424694
8834,395834
465136,466411
272,299536
5876,49017
398173,424694
652,9022
5925,374720
32593,62764
26371,449176
157350,220882
807,395841
24418,466411
13223,15356
14055,489931
36647,68718
565,429417
453,334543
23483,470229
62,339988
10028,361292
75174,399360
1246,1374
2252,97367
58595,76492
9388,553882
96,438808
101,241554
1374,296098
4836,438808
72190,82654
562,146233
9104,106646
3580,396461
281957,395841
101,6977
60670,392044
198663,405774
95514,446101
13184,80278
339103,396371
7980,429351
18587,413362
438799,468362
1701,399170
123109,398173
103,308084
1259,64682
2323,307081
111,400579
14,153
13475,49047
332283,460071
9433,399360
399170,449443
10139,424694
379291,487670
562,446807
604,220882
398173,473149
769,459910
82703,489927
350,281957
4347,82693
9339,400617
2105,2108
350,72710
39781,476292
508,927
350,50619
2108,13342
264660,339988
90,489929
539,11462
162,5527
13752,505954
14313,82693
11881,205587
156022,168259
9654,64690
769,168672
9555,425972
240,8012
497,470044
4421,446101
272,559
216015,262500
97367,155084
295011,485415
550,395834
35,391713
54138,329865
1585,10719
153,8346
175,1124
254470,455980
55341,124905
10046,384680
68724,274855
318846,396371
281957,345887
4982,504172
984,1422
489,277547
111,425
157336,274870
302946,338766
64682,340613
1979,283366
1844,520360
1557,37799
381284,443009
10734,371638
389015,467952
2749,169917
150540,381693
3035,339967
333339,398818
296096,470044
8587,409447
49524,146233
39874,412862
15070,481117
109048,447332
419478,421471
59967,61791
13,118
238636,458594
7341,11778
10139,446354
103,17221
10222,80278
193893,385360
4638,500919
11082,86834
497,449176
75136,76203
339988,411143
78,339988
289,637
109491,472734
316029,467952
448514,502682
10651,395990
290762,458737
41446,340674
1366,10400
652,10693
95,395992
539,3112
82654,295011
281957,379149
185,405774
34584,466411
201088,554600
12405,283502
15927,87827
345887,459910
339380,424694
2164,274870
652,43194
185,8999
262500,433498
399170,446021
348,157336
1367,72570
20526,264660
1955,433498
453,467952
76492,417261
396371,457136
30159,154400
11778,446021
537,11036
1903,72570
37233,396371
1443,376867
38321,50620
414,49026
32648,273248
272,419831
4922,455980
262504,405774
185,398181
141,165
27324,489999
298,520360
1367,45317
278,10360
45569,500919
101299,465136
277,50620
20815,446101
15472,315837
1402,310307
381283,442249
700,87827
46705,293863
2454,17979
2299,449459
38,152601
11036,12832
14,376867
311,392044
470229,500664
1412,418827
76341,425972
311764,537996
11007,416477
210577,336843
339103,395834
11423,395834
194662,324857
1374,45317
10559,363676
1366,391757
17111,429417
424,446354
4922,48138
286565,419478
402897,429197
605,152601
86834,472715
411,58595
37165,110415
281957,413362
10139,205596
489,340666
3062,537996
4771,395841
510,222935
9738,470894
921,1371
340666,445651
984,398173
1259,261470
74997,464502
954,201088
24704,87827
24124,474354
226,425972
1368,11778
769,345920
417261,503616
745,903
272,299537
98,32528
37645,458594
345887,446791
640,324786
4588,418827
38,1903
303857,476292
157350,405774
489,293863
246655,283366
5172,150540
395834,395841
34584,453201
61791,335984
316029,443009
121677,150540
240,23483
112160,400579
240,133805
454983,484247
1366,1374
262500,429351
395990,446807
296096,465136
275,399360
3170,10191
97367,245703
1422,357096
76338,419831
2502,2503
77877,336843
8363,449176
657,467952
347984,379149
11324,465136
453,487558
157336,262543
382625,462919
604,37165
228150,505954
4951,325189
44639,184125
2976,313369
103,10247
769,381284
311,168259
568,157336
14114,361292
627,31011
9378,414191
241554,438145
157353,264660
334543,369972
244786,281957
25389,399055
78,152601
454983,472734
7007,395990
4771,413362
508,5825
769,470044
398181,473149
299537,315635
2253,505954
562,395990
266856,451915
69,332562
59,205587
2323,45317
278927,470044
8619,19067
426613,437586
7863,489927
77877,395841
396371,460071
11713,483184
479,398181
458594,484247
220882,335984
2675,137113
34584,340674
73,193893
338970,489999
1091,395992
808,150689
1422,10651
185,769
111,903
623,396371
38,24420
334543,429197
13223,53932
9986,335797
8966,18239
335797,449735
1494,11036
1883,363676
419831,487670
2034,7347
396371,481117
605,61791
198663,453201
157350,365942
336843,337167
141,80585
3083,553882
1417,38757
949,244786
10139,376867
637,4347
26371,398818
4771,392044
2300,312221
238,9798
637,857
1969,507419
8966,429351
588,3035
338766,429203
1429,44214
345887,483184
77,346685
210577,392044
7220,426426
4011,372058
562,413362
2503,473149
588,124905
337167,392044
539,1696
274855,339988
769,341174
954,2501
4836,504172
11631,216015
10035,446101
11423,395841
205596,324786
745,259693
308639,437586
10377,314365
510,281957
338189,419743
137,275
10781,483184
458594,473149
3035,5876
5486,412862
383526,419743
339692,398181
395841,398181
4597,429203
1371,481117
80278,312724
272,283366
2503,156022
858,45269
433,520360
16153,332562
11287,312221
8619,149465
644,339988
10734,448776
266856,334543
10651,372343
637,152760
28,14873
613,637
253,347984
399360,433249
41630,77338
45569,464502
1417,175112
12149,398173
369885,374720
26933,472451
36647,49017
2502,201088
334543,454227
290637,429417
24253,315837
23168,449176
153,3782
4148,210577
131631,365942
240832,339988
438808,459910
9836,87827
84892,398818
9738,274870
262504,281338
1538,396371
357096,470229
9350,273248
311,120467
840,346685
289,505954
235,440298
395990,417261
153,39781
10948,77338
11033,264660
5464,395991
207,8841
4922,458737
43461,569547
262543,264660
184125,318846
85350,112160
646,399170
9741,11411
170,295011
644,262543
929,311291
238,2118
466282,472734
339988,500664
78,949
423,228150
44564,77338
372343,433808
1949,241554
41233,316029
840,57812
1645,314365
769,484247
4922,24150
283366,297802
257,520360
70,50456
4771,137094
340027,400617
436,504172
562,210577
1103,13223
10637,307081
769,180863
11549,503346
46705,261470
155,59859
674,222935
13697,370663
101,311
620,429417
1366,1375
8619,75142
872,313369
6479,9659
264660,274870
20416,87827
1585,13377
398181,500475
84892,429351
72190,72710
644,87101
111,97367
68724,87101
95,49047
10323,53182
316029,363676
2639,340674
8966,466411
2034,9604
23168,336843
70160,220882
311,244786
415,470894
398181,446791
72570,429417
4922,10312
395834,446791
337167,465136
2832,446021
15472,346685
568,395992
169917,379149
126331,419743
381284,487558
141,82703
49026,419831
423,16869
277,18239
101,949
443009,451915
216015,465136
8834,273481
413362,445954
8619,65310
510,14313
16642,261470
9339,264644
319633,395991
8446,13223
339380,457136
298312,381283
281957,385360
568,54138
9880,216015
72570,324668
562,273481
8090,489999
1572,401469
185,550
131631,466411
984,406990
85,468362
11027,44214
37725,372058
627,451915
70160,401905
376867,398818
37799,277685
254186,447332
222935,466411
65754,169917
769,359940
72105,261470
391713,468735
84892,467952
388,562
13,11130
453,640
510,627
157350,465136
169917,459910
339988,395990
281957,401905
429197,467952
193893,406990
369192,424694
64690,281957
1368,446021
300671,433498
10068,418827
150689,385448
769,446791
272,49521
38,77
207,590
497,50619
101,8834
180863,207932
10017,168259
24418,50620
13697,27066
627,935
746,399404
860,399055
1369,446021
1900,504172
244786,341006
8090,273481
75656,429203
623,520360
489,10559
49047,274870
78,37165
588,16869
460868,553882
359940,484247
64682,222935
9880,365942
216015,339984
857,369885
5511,154400
272,1924
45269,368694
1443,437557
70,396371
8619,11365
1417,290595
46195,278927
361292,382399
68728,290595
13,28178
393,670
41233,537996
11324,470044
50620,489929
80271,112160
1903,440298
14636,474354
1581,1585
318846,429203
392044,446807
74997,244786
10675,400617
274870,329865
1645,413362
357096,458594
497,336843
1927,315635
8999,398181
399360,428446
2320,446791
1927,329865
302946,338768
39254,60308
59967,359940
9531,9741
81250,419478
1585,507419
65754,446807
1422,3597
207,437670
454652,487558
11660,520360
455980,470229
10590,11778
156022,273481
399248,426426
162,11069
11324,440298
104634,472451
670,3134
395834,406990
389015,457136
9502,278927
4951,470894
10541,11036
8810,425972
49521,419831
103,8834
49026,141052
60287,449459
75612,157336
333339,405774
562,401469
521,261470
90,438808
4771,146233
38,638
72570,458594
75780,395834
9631,97367
443009,454652
281957,440161
254128,489929
10144,417261
350,453201
11881,314365
13752,474354
262500,405774
787,2501
561,1452
141,17130
334543,425336
92506,184125
278,38234
754,72570
412862,429476
497,465136
155,141052
5925,467952
389015,424694
603,152601
261023,339103
8871,17979
11151,12405
262500,465136
388,152760
137,137113
37799,487593
38027,76203
64682,466282
10176,474354
597,9062
8966,109491
73,8346
630,313369
227,407436
400547,472451
154400,199373
38,696
405817,418827
13680,307081
8270,507419
9880,222935
37257,205587
273248,505500
254128,475210
809,1417
36557,401469
38757,150689
11675,489929
16869,289222
86834,407439
8966,171274
414425,487558
26684,80278
1417,44683
90,2034
507,507419
872,537996
49047,339964
1402,362077
10734,369972
581,407436
1366,8489
540,425972
112160,398818
74997,395834
75780,500919
311,395834
11393,312221
106646,261023
9479,17979
64689,154400
602,840
640,467952
111,4347
629,49049
235,510
111,675
14556,406990
550,391757
238636,483184
676,363676
72190,227156
9655,312221
561,4011
296,68724
23483,359940
82702,112160
1266,400535
2501,398181
378064,451925
220882,445651
311,13223
840,49849
218,6479
169917,470044
205596,376867
65,10476
65754,181283
275,500475
2034,7345
6529,384680
185,2048
262504,401905
39934,152532
340666,340674
3558,369972
2907,18239
6637,400617
363676,455980
312,447332
238,8012
14804,489927
673,109491
979,339692
3173,80278
38,300
767,150689
457917,554600
1254,1443
8065,261470
12619,13223
171274,336843
375262,511785
10651,395834
11420,184125
309050,399360
424,228150
228150,438799
8810,503346
2501,72570
210479,400617
82693,440298
539,1619
14,1359
603,644
189,168259
334543,381284
10195,419831
2675,126889
16577,150540
10998,396371
550,445954
83670,489927
76203,86194
70,319888
169917,345887
75780,395990
152532,454227
497,222935
9880,440161
8966,17979
388,821
19908,295011
854,507419
3558,363676
4597,520360
12445,34584
424,448776
34636,340674
60670,65754
39781,425972
80035,503346
257345,429417
2503,346685
670,754
12437,24021
15092,31011
17494,500475
128241,489931
3134,483184
28,5902
2048,6479
2048,72190
1970,414191
550,74997
4148,346685
184125,474753
11697,537996
396371,429197
381284,407448
608,828
133805,419478
12521,412862
387,109491
216015,340666
334543,443009
8536,450465
3134,438145
194662,263115
15070,389015
194662,284053
97367,157845
644,274870
58496,307081
8966,216015
258509,335797
155,487670
438799,505954
82693,465136
75656,489931
98566,194662
4922,8649
350,2501
123553,455207
4974,447332
399402,449459
1724,9741
395841,445954
629,1844
207,13342
103,1538
424121,446807
449176,511785
72570,207932
189,372343
4148,470044
278358,554600
510,82693
198663,401905
44826,455207
222935,449176
8966,465136
9540,418827
28,600
389015,454227
137,34288
10139,375262
109453,530154
4771,500475
75140,76203
150540,377587
10607,13223
62211,77338
157350,281338
10560,44214
359940,398181
210577,346685
68724,76341
13778,489927
604,6479
629,912
266856,363676
59436,440298
11004,340613
364,49026
948,406997
465136,476926
8470,9339
299551,399055
98,24167
399170,401469
10781,398173
470044,484247
11778,11934
24021,24418
336843,340666
169917,484247
350,15472
652,274857
65754,470229
141,19458
8077,157336
652,18823
9679,154400
265208,309242
207,711
152737,462919
657,347984
24021,36647
6479,335984
103,44925
11324,101299
3170,281957
1417,224141
10625,419478
177677,347984
2501,324668
561,1487
449176,472734
249397,301365
302520,447332
274857,313297
9526,45269
2275,392044
197,449459
424,339380
1422,8012
411,34584
828,7191
9056,64690
294254,446807
497,32657
634,205587
9540,500475
769,4836
96936,520360
9323,68724
1374,180863
424,467952
521,787
29595,184125
44363,399360
670,260346
9323,315837
449176,484247
14873,278927
101,1948
5925,37165
411,429351
73,772
23168,262500
49521,283366
341174,449176
272,297762
375262,424694
453,152532
388,1771
293863,397422
417261,446807
446021,472715
8966,440161
103,459910
245846,489999
9880,17979
290512,399360
152532,454652
101,26390
70160,405774
157350,401905
448776,467952
539,159932
240,9798
1259,440298
240,281957
27576,315837
10947,419478
372343,395990
400710,476926
10651,446791
14,277216
307081,396371
508,9714
137,150670
258480,511785
18239,101299
429351,449176
11895,13223
246655,487670
137,10212
4771,446791
2447,147441
346364,484247
467952,472451
13,122906
346364,406997
155,69735
395841,406990
80274,489927
274857,420426
162,451
979,168259
676,857
259316,290595
38,705
1378,418827
568,296524
947,468362
396371,454652
136835,242582
601,644
424,374720
345887,395834
58595,385448
64682,369972
1826,361292
375262,457136
101,156022
70160,281338
399404,454652
401246,417261
272,263115
37799,97690
10651,392044
1443,426613
318846,451915
369972,487558
16119,150689
405774,428078
278,9291
425,205587
949,396461
840,10200
150540,260513
675,58595
424,640
405774,443463
155,272
11816,462919
524,424694
8966,476292
315635,437586
15301,530154
13,11778
107079,447332
372058,507569
7873,11778
391713,449176
85350,437586
38842,500475
568,363676
1452,283366
693,1443
380,302946
2044,9339
58820,273248
39254,157336
597,7191
489,19913
2320,363676
339380,487558
399248,468362
9331,438808
155,49521
13697,72105
508,419680
52520,346672
281957,467938
314095,433498
52559,62764
6535,45269
15121,462919
339103,398181
7090,458737
429203,438808
112160,308369
223,44214
80278,130343
35,11130
109410,312221
9598,335797
652,57165
40772,474354
329865,384521
1422,395834
867,346685
152532,369192
77877,392044
350,449176
73,38234
405774,445651
49444,346672
369192,481117
10285,398173
41233,458423
454,462919
388,5925
87101,365942
828,16866
8619,25147
497,392044
787,6977
2454,171274
340613,398181
4771,154400
334543,454652
9672,120467
296096,476292
72190,262500
602,2675
384680,395834
62764,254723
74997,345920
157851,249397
5143,489931
281957,453201
240832,438808
49530,293863
7859,489931
510,440161
64690,341006
39254,262543
1788,44214
334,9339
157336,395992
296096,466282
45269,65035
465642,554600
3035,433249
375262,376867
13,426426
7191,68718
223,396461
1402,451915
615,147441
510,109491
389015,399404
340027,454652
443463,518452
588,458594
316029,460071
2048,406990
12405,207901
429197,487558
2048,401905
424,454652
76726,112160
28740,554600
62764,323660
37958,53182
44826,443463
9880,472734
8456,244786
429203,520360
562,201088
38,521
78,2666
424,429197
258480,375262
262500,401905
345920,392044
369885,505954
497,2454
387,369885
630,8587
9366,168672
299534,487670
2454,34584
61791,119450
19,39254
44912,470894
89,228150
2168,474354
4349,554600
550,180863
4133,438808
1632,147441
47964,137094
350,65754
392044,455207
670,467938
1555,455980
418827,500475
336804,446101
33814,569547
45317,109410
629,15794
72105,77338
297762,315635
507,429203
371638,460071
281338,294254
449176,455207
224141,290595
111,1374
265208,446021
9813,216015
857,16869
348,49047
205587,260346
152532,401469
281957,369972
10559,157336
339103,500919
32657,407436
11423,500919
133805,413362
61791,76341
336843,392044
767,18239
272,98566
376660,419478
315635,429617
4951,40264
70,9443
266856,460071
13223,245891
8090,395841
15070,273481
19124,446021
278927,281338
207,1265
137,11976
2320,400535
4951,511785
155,263115
399404,467952
240,238636
10140,34584
262500,407436
238,11092
9880,341174
1073,554600
339967,458737
590,489999
110415,405774
11130,50546
399404,448776
11770,307081
407451,489927
10637,312221
278,15357
359940,407448
74997,400710
812,290595
272,1452
426338,474354
10428,315837
276907,339103
453,399404
84892,472451
8587,532183
106646,152532
846,1124
276,261470
10882,150689
858,3170
390062,433498
329865,346910
10402,414191
1164,400579
1949,446791
775,150540
38,11522
44115,273248
8966,340666
313369,342473
39907,80278
152601,500664
10651,64690
383526,472451
9985,120467
332562,373558
8966,11324
258480,376867
2108,511785
137,18045
10734,334543
75780,395841
131631,465136
387,16869
8456,376867
699,347984
76649,254128
1443,8272
388,399170
84892,407436
34584,64682
1585,5255
73,406997
640,10734
52371,398818
6477,332562
265208,460321
2309,340674
131631,453201
6977,504172
50014,147441
131631,401905
296096,443463
3035,9738
8077,329865
210479,311291
101299,220882
147441,487558
8587,10264
207,103663
6414,80278
429,440161
78,220882
369300,489931
321612,465136
162,10778
15584,311291
295011,415010
627,449459
10651,470229
3170,376867
8834,458594
278236,489927
396371,446354
411,407436
227156,440161
828,20424
122906,394117
9454,399055
399360,399402
296096,472734
362057,458594
281957,407436
489,15070
8046,154400
90,242582
948,412862
324786,389015
10651,400535
489,1262
381283,475210
1367,481117
6977,459910
840,11954
2675,3980
1816,8587
76203,339408
921,1374
84892,341174
339403,507419
218,64690
637,289222
4951,421471
51828,340674
210577,395841
1900,459910
85350,376660
169917,372343
782,6479
147441,381284
45269,53116
60670,500919
10009,77338
43923,296096
184352,205596
69735,450465
12689,443463
1493,315837
58595,159824
755,429203
2501,340613
23168,77338
1281,400617
605,346672
119450,131631
458594,483184
1927,3035
16665,449459
169917,171274
78,2034
9655,307081
1213,13697
424,318846
49397,537996
510,417678
568,75612
8619,11583
4535,80278
49017,76492
266856,454227
198663,465136
6479,9381
34584,400650
396371,448776
2502,346685
12689,296096
616,274857
262500,446807
9739,68724
429203,449443
9339,9963
640,381284
131634,220882
387,467952
8619,23928
2067,286217
14069,372058
278,1883
281957,429351
227156,429351
424694,481117
1585,51052
264660,424783
9833,313369
2454,472734
769,424694
268,283366
295011,346651
28178,290762
185,4836
497,400650
216015,336843
1124,5176
198663,466411
2275,406990
350,44826
311,464502
65754,315837
49529,429351
155,44912
769,64690
361292,526775
550,398181
857,11287
508,772
194662,293660
3035,9488
340613,426426
263115,500664
369972,381284
82693,466282
448776,451915
381284,467952
769,487558
152584,449176
8619,74405
634,122906
168259,359940
339692,381283
562,168259
8966,23168
82693,449176
392044,484247
84892,449176
101299,210577
77877,473149
828,840
185,112160
304410,447332
97,37799
1571,446791
404245,440472
167,295011
396371,454227
76203,407806
440161,443463
10388,446021
266856,454652
3035,287903
8966,433498
3035,10973
37797,489931
9945,18239
123023,486947
451915,454652
75780,169917
22679,53182
74,72190
464,9339
152532,448776
455207,470044
168672,324542
49017,50620
3469,8619
8966,82693
19913,293863
5925,399404
241554,395834
769,169917
11324,65754
497,70160
4639,120467
1771,505954
561,209112
152532,429203
1366,5723
2034,438808
359412,429203
74997,418827
72987,120467
4247,249397
29456,120467
3170,9902
398173,398181
273481,395834
13223,277216
13188,17979
290250,332562
37799,368031
449176,466411
457136,467952
9798,314365
411,8966
9741,299537
85350,315635
1585,9479
137113,503346
4133,504172
70,1366
241554,357096
273153,425972
691,347984
536176,551095
17436,249397
133805,207932
112160,376867
53932,112160
78215,474354
385360,395834
8966,334543
9905,449459
238,261023
11093,414191
744,745
424,289222
281957,500919
399404,443009
334543,339380
302946,395990
2275,553882
376867,449176
634,426426
70,1578
396371,399404
1538,302946
10882,41233
1371,9655
1645,396371
272,36647
467938,483184
10987,412862
76726,419478
550,769
433,122906
207932,281338
1366,398175
10651,345920
10651,500919
101,240
2048,68724
824,340674
273481,300665
787,1948
2048,152601
75656,401469
561,487670
38,11130
676,468362
324786,334543
137094,261023
59967,302946
4148,340613
64682,346685
454227,467952
637,505954
429351,465136
510,449176
9946,416477
35056,311291
18,329865
746,205596
1813,396461
238636,339692
45317,396371
13851,530154
929,124905
254128,479475
10139,152532
10651,241554
258696,335797
24428,315635
11130,16642
253,504172
334543,460071
100271,372058
1259,13697
387,637
8834,340613
262504,446807
15472,290595
59967,119450
296096,339984
228150,369885
14128,41233
17979,338964
270946,489929
524,168672
769,10734
16869,152760
64690,294963
9679,64690
299687,365942
446354,468362
371608,412862
266856,424694
111,8961
22881,312221
340613,454652
4771,406990
316029,446354
38,13697
141052,470894
440161,470044
45317,389015
84226,447332
289,423
287903,399360
1420,424694
339380,467952
400579,401561
2675,329865
1979,3035
15764,505954
8619,17589
1165,45269
169917,244786
9739,61791
194662,487670
10651,168672
401905,470044
318846,389015
824,313369
617,314365
318846,402897
185,1359
11421,376867
97630,137094
2675,20424
534,339988
244786,339692
77338,290762
1903,429417
334543,399404
11324,336843
129,476292
111,796
388485,395991
8966,43923
205596,375262
9738,283366
75780,210577
1979,9741
2108,133805
50620,76492
10779,429417
10139,472451
109491,336843
28178,82703
447332,455534
166271,414191
8923,481117
11130,311291
244786,434873
561,141052
222935,365942
333339,401905
9705,315837
369885,399404
9339,10353
1402,50032
2108,37735
979,241554
376867,424694
640,451915
769,448776
424,453
350,9880
342473,361292
339692,395990
38322,168672
657,2501
769,392044
1597,400617
15070,60308
453,424694
63,119450
295011,461928
1924,487670
395990,401469
19457,154400
550,681
4951,419478
37645,398181
96,64690
336843,365942
307081,319888
13,261470
275,372343
264660,377264
6977,8834
281957,336843
949,399170
240,445954
443009,446354
564,468362
45317,60308
64682,449176
14,1440
5925,228150
4688,313369
131631,405774
1417,11224
266451,446101
676,374720
78,171274
1422,23168
682,440161
11423,146233
18148,406997
1924,263115
597,24982
2105,437586
11887,85350
14161,254128
453,451915
65754,346685
70,1367
10139,419743
78,534
597,24420
11879,446021
289,369885
5854,146233
807,500919
539,65496
629,294652
4951,10947
41233,313369
422261,536176
310137,458594
289,374720
446791,473149
76341,220882
423,374720
10948,28178
217268,273248
443463,465136
98,652
281957,470229
34584,296096
2300,150540
103663,258480
45317,369192
235,3170
50619,407436
162,10891
11934,458737
6479,157350
5125,553882
363676,443009
13,293863
388,74997
300668,340666
43864,335797
350,222935
334543,451915
133805,395841
24420,293863
24,346672
627,82693
11931,455207
828,8077
10349,340674
843,340613
11674,400617
813,363676
640,457136
947,374720
10651,169917
45269,208000
903,1371
363676,454652
954,467952
17591,53182
2758,400579
50619,429351
150540,326359
402897,457136
510,8966
4176,392044
604,61791
112160,277216
2501,440298
152760,228150
126889,157336
507,97367
984,446791
3134,168259
10681,152601
1771,228150
42984,120467
9531,263115
310137,464502
339692,357096
575,429417
155,209112
13027,339988
787,249070
8363,437586
227156,405774
6520,274857
807,406990
263115,299537
746,451915
289,467952
396371,396461
15584,400579
209247,489931
4922,72570
152532,318846
64690,395834
336843,484247
77877,465136
843,120467
4771,398181
122906,137106
20829,416477
180863,339692
435,399055
36648,49017
254172,416477
3134,464502
123553,472734
11887,419478
424694,449176
2502,207932
568,76341
154400,156022
10947,313369
8363,112160
400547,419743
2454,8587
588,381283
75780,446807
106646,429733
28468,418827
314389,554600
510,470044
4148,8966
28227,184125
171274,222935
1771,16869
281957,324786
400535,459910
381283,447332
2124,44214
508,9279
8966,123553
11713,346672
667,787
350,109491
10651,339103
337167,433498
395834,442249
13,61979
2108,11887
11601,44214
4148,400617
24021,49017
372058,476292
5925,16869
10161,454652
266856,371638
640,438808
366696,446101
629,10518
141,80271
3170,7518
9381,37165
968,429203
73,13374
374720,468362
110415,429417
336843,474354
111,433
392044,406990
207,52449
80278,424456
629,489931
96936,396461
37799,201088
646,401469
1125,332562
13,77338
198663,220882
28,314095
29478,147441
387,65754
72190,131634
78,61791
70,8456
110415,381283
65,15259
273481,400535
968,507419
628,24021
141,185
568,667
37645,146233
574,44214
240,10651
222935,296096
185,10734
401513,503346
507419,531593
171274,470044
591,453201
1694,3035
670,14869
210577,369972
75134,76203
286217,336843
278,245706
26390,470229
11324,210577
595,470044
979,169917
9741,10138
9104,500475
23168,46529
23168,34584
10734,34584
50544,77338
13697,451925
8619,16081
411,17979
77877,346364
9880,337167
138100,530154
9339,263109
7345,254128
411,290595
539,10337
157353,339988
1417,14128
220882,262504
709,504172
23168,198663
339103,399404
562,385360
8536,470894
26390,413362
1585,17979
387,34584
268,470894
91902,449459
222935,397837
445651,466411
9717,273248
220882,294254
652,27123
644,7453
670,395834
286217,329865
185,340666
334543,446354
2067,49047
1924,302946
9899,537996
446807,460071
348,2675
561,9651
28,625
8966,487558
754,458594
19995,395992
414,302946
402897,443009
3021,120467
828,2675
18239,50620
278,475094
352205,447332
398818,426613
680,23168
754,396371
184352,375262
24021,76492
46435,537996
12437,18239
194662,324849
87827,554600
433,205587
222935,308369
769,426426
10830,489927
228150,324786
44214,244786
433498,467952
35,122906
14635,39254
6933,486947
290762,451925
508,429197
23168,24418
424694,472451
77338,397422
10569,507419
78,627
634,1443
299537,450465
1452,315635
133805,398181
840,401513
316029,399404
4771,395990
297762,425972
72190,262504
746,374720
24428,487670
345920,493922
769,339103
31869,184125
9319,396461
4771,470229
308369,407436
546,258480
324786,472451
201088,260346
45318,184125
65754,75780
297762,476292
769,429200
315635,470894
241554,260346
254128,296524
263115,299536
16608,503346
1374,481117
1417,369885
4771,400535
949,401469
316029,451915
316029,389015
912,489931
324786,424694
28,448095
8456,483184
38,13477
769,398175
361292,561461
72105,122906
395990,399170
2108,157386
990,11778
156022,483184
78,68724
11778,11931
205587,413362
105326,447332
10139,467952
1443,93456
238636,395841
2108,37725
38,111969
133805,483184
340666,398181
339692,345887
87827,185345
8587,11597
324786,381284
146233,392044
135990,449459
1696,412862
1949,426426
5550,315837
1927,450465
398181,400710
497,68737
266856,316029
634,476292
184352,472451
18239,24021
34584,429351
103,2330
949,395990
65,1547
1402,88851
1375,45317
1262,340674
400928,406997
13680,312221
838,45269
769,266856
59967,345920
74534,520360
401905,500664
9443,307081
605,37165
80274,286217
12437,346672
561,408220
296096,449176
70,1246
769,244786
222935,227156
278,107846
341174,470044
341174,395841
840,28774
9833,462919
11224,109491
3034,3035
644,198184
263115,297762
133805,470229
8587,15907
10781,470229
769,454227
193893,395834
238,2288
10818,391713
157336,417261
232572,273248
637,16869
424,381284
60308,426426
429417,452507
597,393277
550485,554600
155,9741
769,400710
5951,340674
359412,520360
381283,395834
10651,106646
112160,249397
787,10651
807,241554
11016,13223
13,510
8090,446791
767,24021
53182,57165
370663,376867
534,6479
398818,440298
258480,426613
184352,419743
62,395992
281957,384680
14,843
342737,446101
363676,487558
319888,389015
184125,298850
652,13334
2108,437586
216015,341174
24021,346672
111,1562
534,119450
198184,264660
43923,489999
443463,466282
1724,201088
10229,85350
96,242582
857,1771
6003,11036
326285,446021
828,10200
265208,324668
8456,339692
769,281957
9381,152601
2501,8961
8090,241554
395841,395990
72190,131631
627,169917
375262,389015
49047,369972
77338,277547
333339,365942
14,747
311,470044
1124,256591
311291,447332
121677,184125
13223,266285
5393,150689
424,369972
123553,429351
371638,451915
1369,11778
278927,463821
375262,405204
11976,399360
101299,405774
103,31993
240,8961
387,465136
2503,8834
2034,504172
73861,395834
1124,68728
623,429203
9739,152601
324786,339380
273153,339380
8966,470044
602,329865
389,205587
73,7345
4369,11036
597,10971
49026,263115
2108,419478
9806,283366
59967,339692
65,16136
435,399360
11976,290595
862,77338
241239,416477
274857,454227
253412,273248
220882,500664
8913,345920
364,263115
242582,565602
8966,455207
8619,76203
8270,429203
282693,395991
76492,489929
9982,503346
85350,376867
19426,414191
307081,417261
2034,277216
453,324786
78,2048
374720,438799
22152,150540
68,185
395990,470044
1654,374720
10781,244786
1366,1367
220882,428078
126889,274870
52036,361292
6479,198663
109491,296096
670,241554
137,309050
4638,470229
5066,147441
284053,419831
77877,222935
9654,254128
954,137094
807,65754
424,769
6114,18239
171274,465136
190859,467952
682,787
77,446021
185,281
583,86834
295011,338676
3170,376660
388484,395991
1645,474354
2323,466411
10158,312221
31586,489927
455207,465136
289,228150
75147,76203
398818,472451
18,828
72190,101299
13815,438808
281338,333339
131631,472734
857,414425
238636,398181
261,489999
42941,49017
8966,453201
15912,395991
147441,235260
86834,474392
644,335984
674,1124
4723,554600
277685,489999
10651,146233
10061,254128
299687,503346
185,110415
640,433498
8966,296096
361292,566512
8587,47288
8966,59436
49017,124905
318846,487558
562,400535
842,11778
289,826
414,470894
489,9667
640,489931
9756,449459
324786,468362
438808,504172
640,472451
380,455980
1550,416477
101,16995
13,340666
222935,369972
13385,569547
375262,467952
90,254128
262504,465136
369557,406997
157336,363676
1865,274857
15070,44833
30718,273248
50839,184125
1955,451915
627,376867
152532,446354
597,47697
62,568
121875,406997
1443,49519
539,157845
12429,476292
353486,455980
1696,483184
49521,487670
77877,449176
112160,426426
470044,472734
812,150540
350,465136
26280,205596
281957,458594
12207,122906
11224,472734
7345,489929
449176,470894
284276,489999
246655,263115
551,597
399404,446354
97367,376867
10882,58595
216015,281957
510,333339
311,483184
377154,419743
3035,399055
398181,443463
275,388
22705,341174
249397,258480
391713,398818
402897,446354
152532,502220
340666,470044
637,374720
49022,458737
19913,77338
400710,442249
372343,381034
78,644
11423,464502
39254,198184
745,1562
334543,389015
19542,361292
41417,395991
28,9922
1572,500919
28,143
652,121539
363676,446354
64255,462919
395834,438145
510,336843
857,5902
423,467952
294254,405774
419743,548537
146233,357096
13655,474354
627,1429
332562,354912
58595,224141
401469,531593
44826,466411
453,454652
445571,455980
629,11616
168672,339103
50619,82693
96,500919
45272,332562
398173,412862
10860,462919
168259,345887
550,254320
607,828
13,11224
74997,458594
10515,476292
11411,470894
14574,505954
1452,487670
458594,458737
238,319
11423,241554
12405,283702
384680,396373
597,76649
857,1979
258480,339380
13,440298
11931,314365
507,537996
353070,507419
43923,216015
817,451925
65754,398181
34584,290595
73,395834
842,446021
58595,62764
44943,49017
13377,396461
49026,65291
133805,470044
50014,381284
224972,446101
28178,109689
72105,451925
5825,17979
75780,406990
385360,470229
106646,459910
22705,396461
637,467952
339692,458594
416160,507419
10734,171274
11887,313369
395834,400535
363676,460071
581,384680
388,401469
13,35
64682,109491
103,35056
568,597
226,489
640,339380
311,446791
119450,157336
162,688
18,395992
857,152760
74997,168259
392044,398181
263115,450465
31640,489931
70,45317
59,154400
9714,17979
489,300668
289,438799
335,637
508,10510
1562,295011
534,644
154400,193893
9461,346672
40662,263115
769,398173
389,314365
101,2034
497916,505954
247,311291
954,347984
103,949
91586,429417
949,6977
123103,254128
600,11778
634,258480
476,361292
262500,466411
1949,385360
1954,72570
568,44115
341174,392044
525,313369
2048,157336
15069,500919
76203,391995
893,486947
34584,321612
38050,311291
146238,265208
12437,49017
8966,472734
111,459910
101,956
443463,449176
85350,449176
4951,11355
54392,569547
339964,395992
101,670
98,3060
54138,395992
155,450465
11683,295011
152532,375262
281338,336843
395990,443463
133805,222935
9880,455207
460071,487558
44115,399360
10139,481117
28,10590
15070,45317
521,122906
116,122906
26390,500475
8456,15070
1944,340674
1256,486947
11451,425972
41171,416477
9325,278927
4922,40807
261023,400710
99861,487670
769,324786
857,505954
114150,455980
423,363676
6479,119450
2675,503346
10734,300671
424694,429197
13223,28410
70160,72190
812,109491
787,9806
443463,470044
124905,135397
675,1124
626,150540
31283,537996
185,216015
266856,487558
49026,209112
6977,336843
9738,315635
28,8355
346685,392044
41233,194662
454227,457136
652,32868
2182,537996
508,634
597,49530
417261,424121
47508,150689
13,109491
3035,126889
26280,472451
87827,150247
294963,395834
88893,273248
155,49026
451915,454227
340613,346685
453,316029
72710,465136
3035,46261
10781,412862
238,403
399170,520360
1628,440298
35882,37799
23168,445651
1422,11022
350,600
416234,429417
86834,199575
277,24021
1572,400535
561,588
389015,443009
50544,293863
640,424694
336843,453201
603,339988
637,1374
511457,536176
562,137094
2501,77877
34584,407436
769,156022
64,4922
489,72207
216015,272693
369972,429351
10140,17979
11324,463821
2502,553882
990,455980
124905,315011
588,281957
652,7973
417261,425972
8321,154400
78,9323
95,286217
345887,359940
769,23483
398173,470229
37165,157350
424694,448776
10229,449176
948,385360
994,207932
400928,489927
9323,372058
9750,489927
398818,407436
12689,407436
627,106646
2108,325189
381283,424121
314365,446354
8077,395992
71,361292
9540,249397
11224,440298
1771,9741
12143,106646
363676,457136
266856,399404
235,4148
1443,449176
150689,290595
346685,370663
38050,45269
605,68724
11931,398181
123553,171274
1598,413362
601,745
10527,363676
162,7987
101299,157336
340613,417812
140607,274870
16235,414191
193756,429351
10065,414191
14869,146233
1443,297762
3529,9339
72570,204922
4148,28468
10995,261470
1402,92975
233063,406997
565,414191
2503,201088
754,438808
11096,414191
407436,449176
671,407436
4771,273481
489,13374
30194,474354
637,14574
2567,363676
2103,395992
44833,433249
2503,72570
8587,9716
9531,487670
8966,454983
13184,553882
1927,433249
15070,307081
205596,228150
769,446354
9476,455980
13448,31011
424,505954
445651,465136
1422,8090
1366,8390
2924,363676
76726,451925
70,334
41210,311291
146233,345887
2048,465136
424,205596
1701,400535
13681,147441
1266,395841
451915,460071
786,376867
339403,520360
49521,263115
9739,119450
72190,445651
769,451915
17431,157336
278927,314095
640,448776
164251,399360
652,16911
550,473149
222935,341174
64690,141733
324786,454227
424,121873
644,9323
318846,399404
1578,45317
75656,265208
126889,329865
4347,400579
8456,39254
201029,449459
68724,157350
315837,500664
65,277216
23483,489929
146233,156022
6977,245891
426,396461
8009,274857
138,49017
9953,414191
287947,487670
153,688
40662,49026
289222,324786
8966,443463
274857,297762
299536,419831
62764,359921
85350,133805
10734,152532
6977,59967
5925,15070
1949,413362
20526,152601
364,137094
280,6479
550,458594
340666,465136
670,359940
1369,468362
387,449176
265208,335984
345887,385360
949,520360
612,1371
769,168259
5925,466411
95610,400579
37165,198663
86834,235260
916,120467
1955,460071
37165,83542
497,595
30786,87827
2048,119450
13,82693
313369,407655
154400,157847
339103,481117
389015,448776
34584,58595
339103,446791
157851,313369
9955,307081
388,203833
266856,324786
604,68724
345920,398181
508,1581
126889,433249
2454,433498
193893,395990
152532,381284
16642,311291
14,109414
2675,49849
238,931
10139,553882
7453,503346
90369,222935
62764,563493
72190,336843
341174,454983
745,1374
201088,315837
9880,64682
4247,418827
27578,459910
137094,146216
376867,472451
1949,489929
399404,460071
424694,426426
13,281957
453,389015
1697,45269
6637,311291
1374,1578
429197,451915
98,967
28,8689
314095,369972
508,9021
507,446791
8834,396461
35852,569547
767,58595
273481,339692
23168,222935
378018,400617
16367,472451
87827,211086
9800,152532
539,2832
3134,241554
497,109491
1417,426543
372058,489929
339403,401469
1254,400579
489,77338
26280,376867
49026,194662
508,1585
238,242
220882,262500
38629,273248
381283,473149
281957,484247
76726,152601
508,527435
10987,398173
56937,474354
601,840
679,274870
5503,201088
949,2034
238,228150
169917,180863
137,493674
324786,467952
9540,341174
448776,487558
398181,470044
65,436
4148,465136
334074,399055
101,1374
34584,38757
9323,152601
17347,447332
30061,263115
8834,44214
769,339692
101,550
840,478528
340666,346364
16,311291
111,637
597,440298
8741,374720
52371,418827
363676,451915
424,389015
103,45132
6977,72784
16366,86834
194662,417261
27576,201088
438145,458594
667,49047
995,537996
676,1417
28178,381289
682,80278
98,11047
346364,398181
8834,346685
429203,531593
218,339988
70,3558
49026,450465
7191,329865
316029,429197
413992,446021
339380,389015
10661,468362
36647,399055
103,48138
18239,346672
50620,168705
634,347984
375262,426613
443009,467952
38810,44214
828,329865
762,274857
59967,401905
4771,249397
137094,400535
812,41233
979,106646
210577,395834
316029,457136
978,273248
6114,50620
207,441
440161,465136
152532,460071
281957,438145
110416,449459
14,3170
261470,311291
272,246655
28178,68718
152599,416477
7007,392044
510,465136
345887,470229
644,2048
40807,400617
162,9362
489,1903
101299,119450
9741,141052
94834,446101
396371,443009
637,745
10559,414191
112160,258480
44920,76203
78,569547
262504,365942
98,8868
8055,474354
170,400617
10527,87827
77,101
101,111
2153,446021
1924,450465
28,1694
371638,429197
274870,286217
120467,346978
118340,274870
455207,466282
387,8966
306,400535
390043,455980
708,347984
8961,64690
4148,109491
8290,16869
443463,504172
406997,417830
862,13697
12150,372343
297761,347984
126319,406997
371638,443009
1402,456685
451915,465136
11324,398181
207932,398181
627,1359
25196,458737
12405,20529
49047,274855
634,216015
949,154400
336843,470044
539,12778
34494,261470
210577,281957
253,787
11864,147441
1402,341021
298,265208
294254,466411
9331,137094
316029,396371
49530,119450
510,398818
2675,157336
2034,459910
128,476292
153,1845
8966,337167
582,399055
228150,374720
11631,41233
106646,438808
4771,372343
8966,49017
419743,449176
9955,312221
207932,379149
4951,133805
111,335
72190,157350
326927,395991
57214,249397
80278,479475
497,8966
948,470229
644,70981
568,2320
154400,324542
10140,407436
9738,487670
311,359940
365942,449176
446354,451915
812,1417
395834,500919
769,433498
137,287903
205596,467952
26405,503346
97367,449443
391713,426613
318846,334543
9654,242582
746,857
222935,249164
37165,76341
1422,26390
31703,87827
103,341
489,369300
8090,395834
345920,379149
10882,290595
1949,406990
8840,58595
387,857
141,858
98,11316
8839,28178
605,68718
387,4347
52371,249397
68718,77338
109048,335797
253299,335797
4951,315635
637,1771
14,11216
122,395991
1417,297270
11036,24936
4935,476292
131634,465136
10105,228150
627,109414
417261,443463
4771,207932
423,205596
414191,519247
787,956
640,334543
2675,47933
994,483184
21159,295011
348,828
2924,395991
10651,207932
24662,335797
75780,207932
141,426426
18239,50619
629,93828
5925,448776
294254,401905
808,34584
1374,3170
489,26602
399612,489999
336843,433498
9880,449176
13374,45317
59967,400710
8587,41233
47933,503346
691,137094
346672,476292
73,655
769,10651
49521,470894
9447,335797
8328,44214
37799,317144
2103,49047
133805,385360
604,339988
103,156022
401686,530154
14,7446
652,10323
956,438145
1422,168672
398181,446807
253,459910
682,347984
9531,315635
9739,201088
699,15070
830,157336
2275,489999
769,385360
78,157350
278,448776
286565,365942
315635,419831
122906,451925
289,152760
769,504172
984,395990
268,450465
77,72570
320,2034
16869,353081
14,634
256439,335797
15070,396371
2253,264660
9813,405774
272,324849
31011,181886
809,34584
228150,468362
168672,481117
156022,168672
949,406990
14564,315837
32044,265208
28468,340613
36647,50620
299536,315635
1714,395991
96,395841
272,561
78,101
37799,115782
153,194662
318846,443009
185,72190
137,14223
53182,146563
238,205587
12762,416477
41233,150689
10054,400579
8012,398181
75780,392044
287947,315635
521,311291
1619,120467
479,500475
398818,424694
671,34584
80278,336797
73861,464502
335984,401905
18239,36648
119450,281338
87827,185338
840,10122
90,396461
9552,458737
23168,131631
510,68718
185,281957
302699,302946
142,419743
1949,398173
376867,391713
50619,455207
840,2675
508,338964
23330,537996
19959,157336
1374,8456
634,391713
9339,82703
1771,374720
640,266856
152532,399404
968,97367
479,273481
141,112160
453,381284
629,2749
278,18501
5176,68718
266856,396371
185,11309
9967,446021
10651,168259
402897,454227
769,37645
141052,487670
75133,76203
272,450465
300668,489999
397538,424694
298,399170
8079,361292
118340,286217
122,228150
11560,396371
13475,286217
1367,4922
81,372058
111,334
205596,399404
12201,345920
597,1903
339403,399170
15021,414191
956,273481
2048,220882
153,2652
152532,389015
10359,147441
296,569547
97367,156022
2108,10625
8587,30197
769,316029
948,413362
109445,346672
1903,31011
13027,264660
263115,365942
842,489999
345887,464502
281957,372343
4922,10676
14306,28178
49047,329865
222935,440161
627,23168
17130,112160
64682,454983
77,2034
1696,398173
86838,168672
74997,341174
289,16869
334543,487558
28,8691
2312,150689
1903,261470
339403,489929
82693,470044
1417,75258
228150,399404
12706,446021
9880,296096
19908,447332
141,1359
261023,500475
281957,395834
75552,384680
302946,390043
238,240
424,451915
363676,389015
6977,241554
297931,335797
324786,448776
278,9281
920,451925
2108,85350
70160,455980
161,265208
147441,409447
68724,157336
1417,11976
339103,424694
84175,462919
670,281957
137,281957
10882,34584
210577,294254
141,277216
2270,150689
78,401905
155084,455980
324786,457136
122081,459910
303858,425972
9555,503346
8966,451915
979,483184
106646,500475
101299,401905
281957,446791
586,13223
28178,293863
627,396461
209112,315635
25396,335797
489,332872
1018,31011
13002,361292
3134,359940
138832,339692
185,359940
769,399404
181283,372343
76726,85350
315837,406990
9563,39254
627,180863
782,406990
406997,437670
11033,381283
78,185
2067,395992
37799,143315
2503,9331
2108,80271
11036,11232
395834,483184
521,293863
31011,45612
289,14574
157336,381284
439,745
17431,68724
400710,433808
1573,2503
787,311291
120467,455565
298250,458594
152532,457136
640,429203
238636,381283
510,61979
446101,526265
11931,122906
426373,569547
339692,345920
2675,7453
1367,400617
244772,258480
10781,385360
37835,483184
2503,4771
412862,544431
1213,375262
411,171274
314365,376867
1368,448776
385360,442249
745,770
426613,472451
830,274870
18823,53182
398173,426426
12689,216015
222935,472734
76341,119450
316029,339380
562,65754
161594,384680
87,278927
53932,418827
338970,417261
644,87421
9813,391713
22640,489999
857,25237
464502,467938
629,9519
881,462919
61791,101299
289,2253
38,16642
840,13820
434873,464502
9029,11778
381284,396371
169917,395841
568,49047
400535,500475
39254,44833
401469,520360
10229,222935
828,339964
78,550
2604,446021
423,857
15,314365
2048,281338
157386,449176
8966,222935
979,249397
38103,569547
640,454227
872,8587
348,274870
688,11036
82693,264660
20497,44214
9502,346672
272,68718
359940,473149
240,345887
259693,347984
453,443009
324786,429197
984,241554
60670,372343
157386,407436
300671,334543
2017,520360
73,185
369972,424694
396371,487558
1924,283366
8078,119450
24420,261470
253,2501
588,31011
29117,45269
74997,359940
103332,150540
277,346672
644,157336
449176,451925
45569,458594
153,252171
9394,537996
14372,87827
11324,169917
769,65754
414425,443463
446354,467952
1371,1375
857,228150
1927,419831
1779,184125
699,438808
772,17979
98,9453
150689,407655
334543,353326
146015,489999
769,210577
131634,281338
4951,9880
272,194662
38,293863
1949,412862
13223,293767
1024,293863
295011,336843
13640,315635
9339,10077
84306,340674
359940,395834
75780,372343
8012,339103
5919,395991
336843,405774
206419,242582
60670,395841
807,470229
45269,208404
86834,514407
708,504172
9816,361292
454652,467952
235,398818
449176,467952
9531,283366
670,956
311291,340613
65034,184125
339380,399404
652,13945
57047,554600
60308,307081
193893,500475
11130,159824
61791,97020
2503,207932
767,290595
289222,467952
339403,429203
640,443009
12162,315837
450465,487670
169,459910
398818,467952
361777,554600
39254,391757
266856,443009
194662,383498
44214,82693
318846,363676
281957,399360
8536,419831
4977,372058
350,8966
388,531593
10176,399055
204922,346685
6977,10651
261023,385360
49017,100241
755,507419
1402,2539
34584,440161
335796,399055
429417,462919
300671,451915
44564,293863
10052,400617
605,365942
101,1371
745,6023
82693,454983
424121,446791
2503,353081
1452,263115
935,31011
769,429197
754,2501
65310,76203
8408,295011
216015,443463
44826,64682
862,28178
616,857
384521,433249
245891,438145
674,34584
75656,507419
64682,470044
106646,400535
802,418827
343674,429417
9526,332562
324786,446354
253,467952
2005,313369
607,840
64682,465136
72570,346685
34584,281338
324786,460071
588,244786
359940,434873
616,324786
3062,8587
44683,399055
1573,400535
2164,49047
381283,500919
8961,339103
284054,419831
398181,400535
248384,384680
49026,49521
101,168259
201088,334074
1771,399404
28,121
336843,465136
9659,503346
101,8909
508,11395
152532,316029
340613,340674
8202,31011
8834,137094
98,20681
155,470894
240,8456
387,424
241848,406997
9880,85350
75612,329865
101,8321
8966,70160
222935,455207
9946,86834
2034,8321
4148,34584
11027,337167
8536,49026
192473,446101
4638,241554
1213,258480
24021,101299
336843,466411
769,8012
222935,453201
446807,470044
754,68718
205596,424694
240832,504172
37799,284427
315635,450465
43923,425972
266856,467952
603,315837
180,119450
392044,453201
37645,169917
335,745
101,4771
11287,45317
278927,346648
597,17281
143,374720
44214,418827
681,265208
10147,17979
337167,401905
629,7859
2034,9654
198663,281338
414191,428449
1374,1375
244786,381288
334543,433498
28580,332562
123553,440161
412862,470229
562,446791
474354,500006
449443,507419
38757,290595
290250,417261
1267,77338
1924,470894
621,41233
12437,468362
1371,15070
58595,401469
375262,449176
568,101299
133805,458594
6479,500664
316029,448776
13223,65496
9428,489927
171274,369972
10651,273481
306,242582
272693,440298
12092,150540
803,505954
278,8438
106646,156022
559,670
106646,193893
82693,222935
359412,395834
141,674
994,168259
28468,400617
1371,1374
73,15070
289222,399404
27932,332562
396371,413362
10625,365942
7131,24021
1422,37645
335797,394759
39254,376867
274855,406990
294254,453201
10156,537996
207932,398818
425972,443463
103119,384680
157336,365942
77877,340666
1585,8871
433498,470044
11887,437586
8392,372058
562,345920
8065,265208
1371,8923
75174,433249
4488,412862
68724,198663
634,418827
65,10634
273481,438808
169917,398181
769,369972
38,50544
137,174344
12775,13223
17,65
51876,553882
109491,398818
15069,339692
152532,511785
8966,34584
451915,467952
68718,293863
302946,339988
1924,9741
267192,340674
7984,474354
90,1422
1124,1491
87818,530154
76163,345920
809,290595
652,41541
19913,28178
769,4771
24021,50620
50619,346672
9741,49521
37645,207932
644,126889
457,400617
9282,395990
337167,454983
14534,45317
1597,9339
74997,500475
455980,460019
101299,337167
13665,489931
235,407436
77949,429417
201088,406990
379149,398181
600,359940
15767,124905
857,8290
867,337167
324786,374720
9086,537996
819,314365
834,18239
15144,419478
13377,17979
600,278927
644,264660
311291,400579
359940,400710
49013,489929
769,171274
50546,261470
51739,372058
2898,340674
288158,429417
240,769
157386,222935
10474,312221
120,273248
424694,443009
1371,9443
845,396461
8052,265208
747,295011
640,460071
2675,31011
311,65754
602,503346
489,1792
5915,339380
670,458594
385360,424694
13,72105
2501,6977
334543,457136
1724,315635
238636,470229
289,15121
185,133805
152532,266856
8363,85350
284052,419831
11864,503346
339692,400710
34584,278927
244786,395834
274857,311324
64690,74997
65,114955
1923,146233
17979,51052
417261,518452
539,802
603,6479
3170,76726
268,263115
152532,467952
209112,283366
3170,62211
152601,262543
68728,150689
2501,395990
98,47796
296,339988
868,339692
949,413362
640,389015
239529,372058
152532,339380
98,468
101,787
8999,340613
1572,395990
72207,293863
154400,180863
297802,419831
57276,361292
334541,345920
745,343674
11931,258480
38,11284
76203,149114
443009,487558
33196,254128
340613,484247
46705,311291
9782,45269
26371,472451
424,392044
382475,419743
9716,416477
46146,399360
363676,429197
254128,336882
227156,281338
346672,468362
131634,401905
205,400710
1900,2034
489,50544
156022,241554
568,400535
297802,487670
424,16869
3597,470229
550,281957
278,638
363676,396371
64,9339
871,37165
185,395834
132344,340674
65754,210577
101,438145
769,457136
14,391713
157353,569547
2503,3580
111,311
11472,447332
425,400579
13,446021
2034,254128
3035,3079
267860,554600
754,168672
7191,124905
300671,487558
388,423
674,109491
123553,346672
350,454983
238,746
50479,222935
826,505954
111,10054
222935,272693
281957,359940
27329,80278
788,376867
425,745
8587,311764
45269,45578
376660,437586
563,828
10651,413362
73,427900
269,1374
8834,396371
424,454227
1979,329865
588,464502
2142,500475
119450,433249
77801,446101
2454,8966
64690,381288
123553,466411
673,18239
8587,9899
281957,483184
10734,15472
12689,391713
65,8328
12150,413362
605,157336
2502,72570
443463,446807
2525,86834
399057,400617
16869,374720
106646,308266
8923,312221
1585,9714
14,419430
224141,462919
1443,258480
286217,395992
384521,395992
152532,339103
126889,286217
787,27582
147441,414425
8012,169917
277216,400617
338189,449176
240,458594
268347,462919
73,1598
9509,324786
2064,416477
141,347984
154400,241554
371638,454227
65,9298
411,472734
178029,446101
510,4922
72710,455207
24021,50619
152532,443009
371608,381283
254582,446101
37165,263115
346685,453201
1573,453201
1124,9691
235,440161
13553,489931
28,36040
121875,449176
1371,1578
336843,433249
240,74997
41233,224141
141,470229
272693,451925
75612,286217
10156,313369
5319,87827
49017,400155
310,86834
123109,470229
10654,446021
395834,400710
9339,10122
9571,437586
10497,418827
424,5925
111,106646
6479,37165
75780,484247
1452,419831
44214,157851
4977,150540
50620,400155
467952,487558
2108,9880
670,245891
277216,438808
2841,449459
10734,425336
152601,333339
98,23759
101299,484247
72710,405774
272,9738
140648,395991
8619,75133
12521,398173
646,265208
111,745
3134,425972
37165,131631
9679,339103
290512,433249
112160,418827
72190,198663
28,10652
4011,31011
11005,416477
4771,106646
11780,449459
10734,426426
7555,11036
319888,396371
76341,157336
7191,49017
18775,569547
17130,258480
956,458594
9540,44214
27066,64682
424,453201
391713,437557
15157,399055
4507,13697
2655,429417
525,332562
97367,340666
405774,425972
315837,399579
612,481117
8649,9339
11324,181283
510,109689
97630,429351
1367,1374
152532,449176
26280,375262
11016,458737
49017,395991
1375,122906
342281,416477
568,9738
64720,86834
9654,97367
388,14574
49047,286217
1124,291805
87502,363676
10139,168672
345,418827
372058,413594
979,16869
470894,474395
8966,76492
8966,467952
238,3638
124905,268896
405774,447332
98,49494
281957,341174
2034,6977
8966,10734
156700,437586
78,335984
34584,455207
8966,466282
162,32141
489,340613
550,339692
311,137094
28,11416
168672,257088
75656,395834
49530,152601
60307,406997
16281,530154
9373,244786
807,392044
180863,449459
15070,312221
1265,406997
670,345887
4723,396461
8966,210577
146233,395990
273153,391713
3170,40807
120467,319067
955,137094
238636,398173
34584,68737
3090,440161
8966,24021
23202,530154
769,460071
109491,466411
50698,414191
10781,458594
253412,399360
103663,406997
207932,357096
597,46878
1620,2503
10376,489927
466,840
542,504172
290250,458737
223,1124
38,261470
979,464502
7980,440161
31011,223702
238636,345920
1359,412862
274857,346672
12405,433830
101299,446807
453,769
340666,369972
10973,124905
640,487558
8587,11317
68726,72190
20537,375262
58595,321612
769,446807
2675,11549
1023,458737
1124,44214
24420,451925
670,500664
605,401905
341174,398181
2503,16869
10734,433498
152532,459910
339380,396371
1572,399170
11527,274857
207,7340
38,1643
238636,281957
561,49026
244786,294963
78,6479
408,62764
11224,150689
11324,395834
4347,398818
77877,454983
78,72190
1948,97367
220882,333339
77,2501
350,470044
262500,340666
489,28178
51794,554600
627,122081
4771,500919
62764,132777
1366,8960
9659,425972
10734,487558
391713,466282
337167,398181
109491,440161
399404,429197
37835,464502
249660,458737
11966,154400
949,44214
1443,9813
2108,449176
921,481117
600,68718
110415,447332
1538,254128
10741,553882
294254,465136
2454,109491
12405,283550
22705,249397
13,627
2270,49017
28026,249397
521,6977
64690,346651
27022,34584
10973,433249
8999,281957
8587,11224
3580,385360
70,921
9381,311291
746,228150
155,156022
453,266856
1572,273481
521,13697
11631,391713
2310,31011
336843,446807
15070,474335
392044,465136
371608,398173
153,376660
171274,426426
88,44214
4347,340674
597,11928
568,286217
38,16553
289,131631
111,744
676,228150
1628,13697
15144,437586
116149,407436
787,11130
265208,500475
22074,184125
254128,416194
1246,11036
201088,339403
70,9655
78,189
979,261470
272693,419478
2275,395841
28178,77338
428399,449459
387,339259
50619,296096
281,339692
152532,205596
627,440298
61791,263115
1696,464502
207,400928
640,446354
18320,45269
346685,458594
1955,487558
2034,489929
949,429203
45317,319888
150689,224141
73,369557
627,122906
642,201088
276,293863
840,20424
15070,96721
235,451925
168259,395834
136795,302946
53210,150540
205587,359940
278,10734
350,59436
218,242582
28178,61979
9291,312221
42703,384680
445651,453201
72570,300668
8363,106646
840,329865
6977,273481
185,74997
4951,85350
4836,6977
348,395992
671,109491
39254,319888
63587,384680
84892,391713
340027,416477
10734,451915
68718,188222
289,676
499,41233
1374,76726
207,20178
38050,553882
1645,168259
369972,395992
769,467952
178717,395991
7131,50620
429197,443009
32657,429351
381288,450465
68734,152532
281957,392044
49529,407436
1903,13697
169917,341174
169917,429200
2108,4951
1903,451925
4147,507419
24021,36648
11130,400617
11130,82695
627,459910
22881,307081
210577,484247
9880,171274
1402,4630
772,1585
335984,339988
3170,137106
389015,451915
8358,433249
184125,221418
75802,400617
561,1924
103,1845
419743,467952
26280,419743
550,238636
371638,389015
2323,312221
37799,111224
2749,339692
357096,483184
16869,505954
11194,273248
539,120467
106646,398181
141,816
87827,198727
507419,537996
627,398181
137,44363
120467,471381
101,59967
37710,489929
627,747
1979,119450
184125,221800
77877,470044
454983,455207
640,399404
357096,413362
59967,168259
311,670
1924,315635
249164,443463
399404,454227
8859,13223
408,290595
379149,438145
286217,369972
68718,281957
8839,77338
339380,443009
11778,86838
11130,46705
68718,397422
2989,87827
44244,335797
9531,470894
182131,372058
602,828
109491,281957
927,1585
1369,374720
74018,419478
258480,449176
49026,98566
406162,486947
424,443009
110415,400579
272,36648
597,16642
988,242582
103,339
1124,28468
1585,10510
155,419831
508,10719
64834,554600
165904,489931
652,188207
2005,332562
65754,392044
241554,500664
5951,502682
101299,433249
364,450465
9738,9741
984,500919
18561,489931
468,258480
11527,290595
13,13697
75780,137094
1643,261470
155,315635
37165,335984
155,414
10045,16869
109410,307081
76203,108794
672,58595
207932,281957
137,36685
11324,75780
605,220882
70160,465136
389015,487558
198663,340666
9967,11778
19957,274857
261023,438808
924,9339
539,398181
1682,124905
180863,376867
49047,157336
395990,479040
1402,323404
137,366656
124905,293167
465136,470044
629,11657
298382,425972
425336,451915
261023,429203
2675,54138
1246,1366
387,470044
372058,378064
11324,392044
207932,392044
157336,264660
244786,398181
12405,283709
329004,447332
1571,315837
345920,442249
782,315837
210577,346364
46332,97367
216015,296096
714,347984
17979,25842
319888,481117
316029,424694
6479,9739
289222,505954
76203,468210
601,828
14,76726
153,227306
550,8456
77953,553882
88,258480
2108,272693
388,270487
11202,399404
787,38055
22334,569547
477654,489931
691,468362
2112,302946
2503,16995
27932,363676
466411,470044
1443,11631
10719,489929
1422,23483
4148,466282
440161,454983
9325,12405
388,369885
15171,335797
119450,198663
681,400710
184352,449176
769,334543
2907,346672
1278,258480
5548,315837
152532,258480
101299,470044
11778,94380
45317,481117
398,314365
543086,569547
86834,335778
425972,514754
46743,242582
252,406997
2503,340613
281957,340666
8587,10060
8077,274870
8456,458594
12395,384680
9540,337167
424,433498
828,346910
376867,419743
4974,11130
424,190859
867,418827
604,365942
72710,281338
152532,429197
10734,340613
8698,50620
238636,400710
1900,438808
14442,150689
561,1979
337167,341174
53182,188207
272,1930
70,481117
324786,438799
644,8077
140300,346672
1678,124905
13,449176
1422,193893
1572,398181
222935,466282
2105,112160
146233,458594
27179,395992
169917,281957
210577,262500
11130,152601
36648,50620
142,152532
2897,384680
9277,401469
8467,302946
1375,39254
604,152601
52371,261470
72570,416477
241554,281957
14,449176
65291,450465
8966,346672
16723,520360
1955,334543
801,45269
332562,429191
667,347984
433,400579
1927,487670
198663,446807
141052,283366
2675,9982
278927,407436
2108,57214
338189,472451
13020,184125
425,3170
346685,369972
13027,569547
59967,400535
508,17979
186,168672
1927,194662
14,935
339380,370663
621,462919
670,1598
103,11228
265208,396371
388,16869
10559,210577
13576,332562
97020,119450
16995,372343
37247,396461
21583,447332
68724,500664
260346,281957
16869,205596
260346,438145
9800,314365
8966,50619
604,119450
667,286217
640,429197
857,289222
2105,85350
9559,10734
745,4011
11560,314365
11130,93456
220882,336843
10734,440298
52371,258480
453,396371
11474,13223
49026,382322
1585,11395
5876,124905
9651,419831
76341,401905
324786,443009
348,644
562,395834
372343,399360
9443,312221
603,61791
834,346672
419743,511785
8966,68737
272,9741
261023,398173
8619,75134
623,399170
264660,438590
381284,389015
275160,486947
8584,384680
126889,395992
3034,399055
808,58595
107846,448776
28,390062
240,3134
11036,418876
424694,446354
134570,242582
2502,6977
155,561
168259,238636
141,122906
1585,9279
209112,470894
238,769
82693,296096
13697,64682
2501,395841
65,221
74997,446791
857,205596
31011,34647
14128,150689
8536,302946
1124,9955
101,245891
640,454652
65,15278
404,416477
604,346672
194662,287947
339692,500664
238636,412862
1367,1371
14128,537996
809,150689
297762,487670
153,273153
68718,460885
44943,503346
1649,9339
11395,17979
423,505954
38,37797
7340,406997
424,266856
162,313
215379,474354
85350,157386
97367,293768
10560,361292
399170,430040
131631,340666
18,468362
451915,457136
131631,455980
266856,429197
82695,455207
50546,122906
95,568
9571,85350
388,984
8961,168672
14161,86834
98566,433249
861,365942
64690,398175
381283,398181
111969,451925
31011,381283
171274,290250
52854,62764
4347,205587
155,194662
78,603
149870,372058
9366,438808
65,185
395841,446807
2501,294254
87827,205775
769,454652
345920,473149
399170,531593
346685,396371
65754,372343
41233,472734
222935,317091
10681,274870
31618,147441
19458,419478
273481,281957
281338,445651
440161,449176
152601,335984
4922,11005
659,458737
9339,11130
11224,41233
644,8078
273153,476292
4723,400579
169,2034
281957,286217
278,687
787,156022
235,82693
4922,458594
314365,392982
12405,283715
561,8536
8470,416477
164457,446021
9880,419478
667,11324
97370,449459
424,857
1422,261023
376660,449176
1538,2034
137,381034
1124,339404
979,470229
12405,130841
1930,263115
72190,295011
75638,414191
1685,295011
39504,446101
77877,340613
1422,4771
1924,339988
640,316029
119675,472451
2320,2503
313369,316029
58595,150689
658,347984
315635,419478
419546,536176
222935,429351
1417,566810
10651,339692
451480,502682
769,337167
313,9339
6022,9339
4148,27066
311,339103
33,68718
2048,61791
745,819
171274,440298
1255,49017
675,745
8536,9741
9355,503346
334543,465136
38,51828
115,31011
18937,274857
8012,168672
280,119450
351460,372058
43048,449459
209112,419831
4922,50544
8834,406990
617,396461
316029,454227
109491,465136
137,694
12444,24021
1124,8834
423,424
240,261023
272,487670
376867,437586
245846,503346
53182,197315
588,49017
13470,384680
5548,61791
30666,398173
9598,28178
324786,369972
769,6977
98,9564
12405,283547
101299,341174
423,637
154400,413992
8839,372058
6479,294254
98,393306
2604,11778
70,307081
36243,124905
82693,286565
11130,112160
65754,281957
50456,290595
10651,359940
13,451925
949,201088
326359,425972
389015,446354
395841,484247
16995,468362
370663,449176
9739,400535
562,11324
562,207932
3035,384521
157336,329865
110420,372058
281957,400710
425336,487558
185,627
10625,437586
273481,429203
137,267852
168259,281957
2770,455980
707,395991
1266,1422
424,460071
184125,246308
9470,168672
54138,274870
77877,398181
10514,295011
787,9319
437586,449176
85350,421471
10559,39254
74997,483184
30197,537996
769,381283
561,297802
37430,290595
2034,4982
1402,10139
640,152532
769,389015
207932,484247
338189,375262
98,143
152532,376867
5925,205596
296096,484247
10140,109491
769,339380
603,68724
2108,308369
322,745
185,339692
376867,511785
4771,400710
10144,150689
472734,484247
639,311291
281957,337167
120,8587
8772,449459
186992,398818
399170,402900
1598,314365
591,2503
124905,339967
19545,124905
2034,10220
369972,468362
359940,458594
18785,265208
68718,177572
1771,274857
359940,458737
3170,391713
1771,315635
12219,314365
216015,466282
262500,281338
680,2034
11393,489927
1417,1491
341006,464502
419478,449176
13697,50544
15927,554600
1585,5375
9741,13640
12689,340666
769,77877
320,396371
2503,400535
637,5925
443009,472451
605,315837
72190,294254
50348,314365
7090,249397
13,235
1927,489929
640,891
2108,10314
369192,375262
64689,395990
2675,8077
82702,400579
37257,396371
4951,57214
652,17903
205587,281957
425,637
155,1924
443009,460071
101,10651
429351,470044
1788,313369
673,24021
808,290595
281957,398181
72710,466411
152532,451915
1266,413362
1735,274857
278,1368
138697,249397
1051,504172
5179,449459
524,265208
1402,341026
19995,489929
97367,394117
12405,283714
258480,424694
489,11931
387,228150
37799,65754
205587,473149
324786,454652
12619,470229
769,481117
395841,500664
61791,87101
348,286217
4148,13697
8966,77877
238,8832
24,274857
31011,396461
4951,8363
58433,86834
101325,474354
155,40662
281,413362
1585,338964
637,228150
12227,28178
207,13363
238,207932
411,433498
26280,449176
9647,17979
4148,222935
423,399404
101299,281338
552,489999
324786,399404
65754,395834
153,303858
96,1422
550,31011
13,497
1371,319888
106646,180863
1259,340613
668,347984
155,382322
273481,398181
652,39907
393457,462919
465136,472734
86834,107985
605,39254
101,146233
3134,281957
629,949
155,1452
73,619
458,273248
334543,467952
312221,319888
2503,15357
222935,286565
131634,405774
652,244772
1402,29395
345887,438145
334535,553882
97367,339403
13372,242582
7512,37165
152532,273481
298312,400710
74997,337167
207932,445954
11421,391713
363676,454227
261023,395834
281506,361292
3035,7191
14,12689
283366,297762
189,146233
424694,467952
65,21724
278927,281957
449176,453201
340613,455207
289222,374720
4922,378018
14043,395990
59967,64690
640,369972
133805,337167
15766,124905
424694,460071
440161,466282
2757,340674
76640,97367
122081,249397
155,8536
524,426426
8966,64682
273481,345887
12146,384680
18168,261470
10734,467952
23483,244786
629,339692
25430,553882
8363,419478
81250,222935
238,192145
357096,464502
1266,500475
10140,278927
340613,340666
539,10155
581,399360
156022,339103
17365,553882
141052,263115
205587,314365
137094,473149
398818,451925
580,1371
218,644
281957,381283
140,207
1402,287426
1366,59965
18239,49017
4771,169917
49017,315011
18239,123553
242582,449443
49026,59859
1585,11881
109443,242582
769,372343
9679,201088
10747,384680
8536,487670
52056,184125
254128,308639
378064,476292
539,192149
28874,37799
530154,537996
11224,278927
65,1125
61791,157336
318846,467952
4951,10625
372343,392044
500919,507419
2675,228161
13,112160
227156,465136
457136,487558
13,3170
281957,465136
4148,77877
296096,405774
1572,241554
180863,483184
49026,287947
49026,487670
1371,8456
142,745
398181,458594
209247,520360
1402,8916
64682,314095
334543,448776
133805,437586
4638,412862
240,37645
75780,413362
12405,283553
508,11881
787,72559
9092,62764
311,769
667,2501
605,119450
392044,395990
309,489999
116149,278927
568,381284
64,458737
445954,500919
238,637
23168,470044
86331,112160
13475,274870
629,180863
674,407436
137094,238636
277216,400579
157336,369972
11450,12405
713,13697
261023,273481
291805,399170
106,433249
31527,45269
73,161
399055,433249
80271,391713
281957,334543
50619,50620
98,583
274870,330459
769,7984
49047,126889
2503,553882
398818,419743
9880,82693
1645,205587
398818,449176
8834,72570
238,272
438590,451925
425972,518452
9738,399055
333339,465136
9741,382322
8619,250734
453,891
209112,263115
11001,486947
1443,9741
70,1371
34584,472734
48650,258480
103,320006
1903,293863
1366,1578
640,396371
340027,396371
169917,339692
308369,449176
207932,424121
1452,49026
241554,445954
500,401469
429417,530154
1979,157336
6479,87101
389015,429197
139583,446101
8090,470229
10719,17979
11004,11778
68718,400535
389015,396371
160165,419743
297762,419831
68737,109491
16869,228150
807,372343
1378,258480
508,8871
295245,446101
9679,399170
424,399404
443009,448776
228150,289222
97630,120467
65,650
860,37799
169917,337167
205596,289222
101,4836
1374,8065
1574,462919
13697,19913
311291,332872
153,9813
222935,443463
634,339380
707,347984
14,185
8834,468362
70,15070
171274,449176
81390,273248
16869,369885
164,637
137094,345887
19265,458737
156022,281957
391713,476292
272,40662
1371,45317
298,401469
76203,79451
28178,72105
98,426426
387,451480
2832,412862
562,398181
10312,400617
303991,400579
2503,398181
769,154400
2503,97367
6977,8909
345887,398181
28178,50544
401905,465136
207932,238636
390329,530154
141052,419831
44912,49026
787,390043
8619,75136
449176,472451
61791,500664
185,994
350,34584
33196,80278
3933,311291
8874,11036
597,152599
141052,450465
260513,283366
334543,396371
12405,283705
155,283366
520360,531593
508,13377
455980,489931
629,11898
266856,318846
281957,345920
334543,371638
1124,75656
409447,537996
156022,464502
101,205587
9381,68724
424,316029
302946,400579
3537,361292
640,318846
9326,340674
49530,61791
17431,264660
73,429200
379149,400710
116,13697
112160,437586
322487,335797
242,396371
9738,264660
333348,416477
357096,500919
400710,473149
401469,402900
112160,449176
1366,8688
9880,77877
335984,569547
637,924
1443,24684
10651,406990
85350,156700
103,13939
152760,374720
369972,433498
2252,168672
141,694
11130,11224
388,289222
605,339988
38,440298
11121,438145
249397,258216
11360,150540
2268,278927
207,1262
5994,417261
11525,37799
297762,450465
76726,437586
116,1371
210577,398181
3035,334074
38,451925
185,426426
10637,147441
1949,500919
281957,464502
155,297762
453201,465136
39256,124905
152532,398818
4437,49047
307081,312221
11040,384680
44826,278927
2108,8363
688,4148
9728,412862
198663,484247
6977,156022
11713,146233
297762,470894
14,303991
539,3933
15069,395841
5486,398173
336843,401905
8966,10140
979,500475
340677,489999
13597,31011
269149,278927
152780,489999
274870,395992
314365,396371
289,746
332562,339403
646,347984
263115,382322
521,11130
424,10734
96,395990
43898,554600
109414,396461
311,438145
101,400535
